,ac_number,constituency,region,reserved,winner_party_2021,winner_share_2021,margin_pct_2021,winner_party_2026,winner_share_2026,margin_pct_2026,total_votes,num_candidates,flipped,share_delta,margin_delta
0,1,Gummidipundi,Chennai Metro,GEN,DMK,56.94,22.94,TVK,40.56,12.02,232522,16,True,-16.38,-10.92
1,2,Ponneri,Chennai Metro,SC,INC,44.94,4.61,TVK,48.69,24.59,226819,14,True,3.75,19.98
2,3,Tiruttani,Chennai Metro,GEN,DMK,51.72,12.58,AIADMK,37.34,2.43,238798,14,True,-14.38,-10.15
3,4,Thiruvallur,Chennai Metro,GEN,DMK,50.27,10.6,TVK,40.71,10.94,226428,15,True,-9.56,0.34
4,5,Poonamallee,Chennai Metro,SC,DMK,56.72,35.68,TVK,52.22,23.55,308894,12,True,-4.5,-12.13
5,6,Avadi,Chennai Metro,GEN,DMK,49.94,18.37,TVK,52.13,22.05,346005,21,True,2.19,3.68
6,7,Maduravoyal,Chennai Metro,GEN,DMK,44.29,11.58,TVK,48.26,20.94,293692,22,True,3.97,9.36
7,8,Ambattur,Chennai Metro,GEN,DMK,47.67,17.54,TVK,51.29,22.61,259986,24,True,3.62,5.07
8,9,Madavaram,Chennai Metro,GEN,DMK,50.04,18.85,TVK,52.61,26.24,361998,16,True,2.57,7.39
9,10,Thiruvottiyur,Chennai Metro,GEN,DMK,44.09,18.83,TVK,53.15,25.87,207088,16,True,9.06,7.04
10,11,Dr. Radhakrishnan Nagar,Chennai Metro,GEN,DMK,51.2,22.71,TVK,53.97,27.41,181206,39,True,2.77,4.7
11,12,Perambur,Chennai Metro,GEN,DMK,52.53,27.43,TVK,58.89,26.28,204384,48,True,6.36,-1.15
12,13,Kolathur,Chennai Metro,GEN,DMK,60.86,40.59,TVK,45.09,4.78,184051,36,True,-15.77,-35.81
13,14,Villivakkam,Chennai Metro,GEN,DMK,52.83,25.84,TVK,46.97,12.23,141452,29,True,-5.86,-13.61
14,15,Thiru-Vi-Ka-Nagar,Chennai Metro,SC,DMK,61.13,41.15,TVK,48.04,15.52,143903,24,True,-13.09,-25.63
15,16,Egmore,Chennai Metro,SC,DMK,57.71,32.5,TVK,45.02,9.02,119738,19,True,-12.69,-23.48
16,17,Royapuram,Chennai Metro,GEN,DMK,53.16,22.92,TVK,46.4,11.19,127356,29,True,-6.76,-11.73
17,18,Harbour,Chennai Metro,GEN,DMK,58.35,26.83,DMK,45.43,11.79,99622,24,False,-12.92,-15.04
18,19,Chepauk-Thiruvallikeni,Chennai Metro,GEN,DMK,67.89,50.47,DMK,44.76,5.07,140741,27,False,-23.13,-45.4
19,20,Thousand Lights,Chennai Metro,GEN,DMK,52.87,23.88,TVK,44.73,11.49,131824,19,True,-8.14,-12.39
20,21,Anna Nagar,Chennai Metro,GEN,DMK,48.49,16.62,TVK,43.7,13.08,163339,25,True,-4.79,-3.54
21,22,Virugampakkam,Chennai Metro,GEN,DMK,43.97,10.86,TVK,44.03,15.67,172831,25,True,0.06,4.81
22,23,Saidapet,Chennai Metro,GEN,DMK,50.02,18.34,TVK,50.63,17.78,160401,16,True,0.61,-0.56
23,24,Theayagaraya Nagar,Chennai Metro,GEN,DMK,40.57,0.1,TVK,38.55,9.73,133928,27,True,-2.02,9.63
24,25,Mylapore,Chennai Metro,GEN,DMK,44.58,8.23,TVK,46.53,19.24,150594,20,True,1.95,11.01
25,26,Velachery,Chennai Metro,GEN,INC,38.76,2.46,TVK,43.52,18.02,184815,28,True,4.76,15.56
26,27,Shozhinganallur,Chennai Metro,GEN,DMK,44.18,9.12,TVK,49.27,21.64,447295,28,True,5.09,12.52
27,28,Alandur,Chennai Metro,GEN,DMK,49.12,17.06,TVK,42.9,11.32,261570,24,True,-6.22,-5.74
28,29,Sriperumbudur,Chennai Metro,SC,INC,43.65,4.12,TVK,44.58,16.38,331088,14,True,0.93,12.26
29,30,Pallavaram,Chennai Metro,GEN,DMK,47.49,14.19,TVK,47.1,19.28,283677,24,True,-0.39,5.09
30,31,Tambaram,Chennai Metro,GEN,DMK,46.93,14.79,TVK,42.67,12.78,278809,16,True,-4.26,-2.01
31,32,Chengalpattu,Chennai Metro,GEN,DMK,47.64,9.73,TVK,42.32,11.0,324010,16,True,-5.32,1.27
32,33,Thiruporur,North,GEN,VCK,41.44,0.86,TVK,41.96,15.0,262409,12,True,0.52,14.14
33,34,Cheyyur,North,SC,VCK,46.2,2.26,AIADMK,34.02,3.02,187584,14,True,-12.18,0.76
34,35,Maduranthakam,North,SC,AIADMK,46.62,1.92,AIADMK,34.95,3.63,198251,10,False,-11.67,1.71
35,36,Uthiramerur,North,GEN,DMK,44.38,0.77,TVK,37.28,6.24,227765,15,True,-7.1,5.47
36,37,Kancheepuram,North,GEN,DMK,44.77,5.05,TVK,37.09,6.29,246317,16,True,-7.68,1.24
37,38,Arakonam,North,SC,AIADMK,49.82,15.85,TVK,40.46,12.68,182340,14,True,-9.36,-3.17
38,39,Sholinghur,North,GEN,INC,49.18,11.91,TVK,36.16,2.43,233684,24,True,-13.02,-9.48
39,40,Katpadi,North,GEN,DMK,45.71,0.4,TVK,34.33,2.88,203497,16,True,-11.38,2.48
40,41,Ranipet,North,GEN,DMK,49.79,7.95,TVK,41.24,2.62,221038,16,True,-8.55,-5.33
41,42,Arcot,North,GEN,DMK,49.52,9.51,AIADMK,46.77,18.92,225786,15,True,-2.75,9.41
42,43,Vellore,North,GEN,DMK,46.86,5.1,TVK,38.33,3.56,190527,16,True,-8.53,-1.54
43,44,Anaikattu,North,GEN,DMK,48.11,3.22,AIADMK,35.27,3.27,216318,14,True,-12.84,0.05
44,45,Kilvaithinankuppam,North,SC,AIADMK,48.57,6.08,TVK,39.13,10.67,189892,12,True,-9.44,4.59
45,46,Gudiyatham,North,SC,DMK,47.45,3.26,TVK,36.17,4.41,229076,12,True,-11.28,1.15
46,47,Vaniayambadi,North,GEN,AIADMK,46.33,2.58,IUML,34.43,1.4,212534,16,True,-11.9,-1.18
47,48,Ambur,North,GEN,DMK,50.86,11.37,DMK,37.89,3.65,195584,17,False,-12.97,-7.72
48,49,Jolarpet,North,GEN,DMK,45.57,0.56,AIADMK,36.91,7.55,213042,20,True,-8.66,6.99
49,50,Tiruppattur,North,GEN,DMK,51.91,15.19,TVK,51.79,23.78,202925,25,True,-0.12,8.59
50,51,Uthangarai,North,SC,AIADMK,52.96,15.08,TVK,34.16,2.53,205530,14,True,-18.8,-12.55
51,52,Bargur,North,GEN,DMK,49.17,6.38,AIADMK,33.3,1.98,213960,16,True,-15.87,-4.4
52,53,Krishnagiri,North,GEN,AIADMK,45.38,0.38,TVK,38.83,8.19,230181,16,True,-6.55,7.81
53,54,Veppanahalli,North,GEN,AIADMK,45.87,1.49,DMK,33.55,0.06,222608,14,True,-12.32,-1.43
54,55,Hosur,North,GEN,DMK,47.65,4.98,AIADMK,39.55,10.01,277770,14,True,-8.1,5.03
55,56,Thalli,North,GEN,CPI,62.18,28.98,CPI,38.02,2.55,205878,11,False,-24.16,-26.43
56,57,Palacode,North,GEN,AIADMK,53.28,13.6,AIADMK,45.64,17.33,225257,15,False,-7.64,3.73
57,58,Pennagaram,North,GEN,PMK,50.46,10.07,TVK,35.53,1.38,228666,23,True,-14.93,-8.69
58,59,Dharmapuri,North,GEN,PMK,48.6,12.36,PMK,39.28,8.76,238579,20,False,-9.32,-3.6
59,60,Pappireddippatti,North,GEN,AIADMK,51.81,16.72,AIADMK,43.03,13.99,236621,15,False,-8.78,-2.73
60,61,Harur,North,SC,AIADMK,49.89,15.29,AIADMK,34.32,1.51,220042,15,False,-15.57,-13.78
61,62,Chengam,North,SC,DMK,48.26,5.17,AIADMK,36.15,5.47,242897,16,True,-12.11,0.3
62,63,Tiruvannamalai,North,GEN,DMK,66.02,45.33,DMK,40.11,1.12,220066,31,False,-25.91,-44.21
63,64,Kilpennathur,North,GEN,DMK,51.34,13.14,AIADMK,41.18,13.86,219790,24,True,-10.16,0.72
64,65,Kalasapakkam,North,GEN,DMK,47.92,4.69,AIADMK,41.86,12.49,214127,22,True,-6.06,7.8
65,66,Polur,North,GEN,AIADMK,48.38,4.81,TVK,32.1,0.11,211743,16,True,-16.28,-4.7
66,67,Arani,North,GEN,AIADMK,46.5,1.41,AIADMK,33.34,2.45,230162,25,False,-13.16,1.04
67,68,Cheyyar,North,GEN,DMK,47.78,5.72,AIADMK,38.95,9.47,222570,14,True,-8.83,3.75
68,69,Vandavasi,North,SC,DMK,54.88,19.33,DMK,33.37,1.74,191204,16,False,-21.51,-17.59
69,70,Gingee,Central,GEN,DMK,52.99,17.31,PMK,36.1,5.84,216652,20,True,-16.89,-11.47
70,71,Mailam,Central,GEN,PMK,45.79,1.26,AIADMK,43.52,15.88,189221,22,True,-2.27,14.62
71,72,Tindivanam,Central,SC,AIADMK,47.74,5.34,VCK,32.56,0.37,196026,15,True,-15.18,-4.97
72,73,Vanur,Central,SC,AIADMK,50.61,11.92,DMK,35.85,3.66,192119,16,True,-14.76,-8.26
73,74,Villupuram,Central,GEN,DMK,49.92,7.26,DMK,33.88,1.91,215422,25,False,-16.04,-5.35
74,75,Vikravandi,Central,GEN,DMK,48.41,4.94,PMK,33.33,0.43,209231,25,True,-15.08,-4.51
75,76,Tirukkoyilur,Central,GEN,DMK,56.56,30.42,AIADMK,33.61,0.13,217318,16,True,-22.95,-30.29
76,77,Ulundurpet,Central,GEN,DMK,47.15,2.15,DMK,36.34,0.84,271002,15,False,-10.81,-1.31
77,78,Rishivandiam,Central,GEN,DMK,52.96,19.4,DMK,36.65,1.99,244795,26,False,-16.31,-17.41
78,79,Sankarapuram,Central,GEN,DMK,56.16,21.3,AIADMK,34.07,1.46,235528,23,True,-22.09,-19.84
79,80,Kallakurichi,Central,SC,AIADMK,48.99,11.46,TVK,32.5,0.32,249626,12,True,-16.49,-11.14
80,81,Gangavalli,Central,SC,AIADMK,48.02,3.95,AIADMK,37.2,7.32,196679,14,False,-10.82,3.37
81,82,Attur,Central,SC,AIADMK,47.72,4.13,AIADMK,38.81,7.35,208296,16,False,-8.91,3.22
82,83,Yercaud,Central,ST,AIADMK,50.88,10.86,AIADMK,34.61,0.86,253592,14,False,-16.27,-10.0
83,84,Omalur,Central,GEN,AIADMK,57.22,22.2,AIADMK,41.4,5.36,271119,16,False,-15.82,-16.84
84,85,Mettur,Central,GEN,PMK,44.43,0.3,AIADMK,37.43,8.27,231105,19,True,-7.0,7.97
85,86,Edapadi,Central,GEN,AIADMK,65.97,37.93,AIADMK,57.67,37.99,258263,16,False,-8.3,0.06
86,87,Sankari,Central,GEN,AIADMK,49.72,8.63,AIADMK,35.83,3.9,243779,21,False,-13.89,-4.73
87,88,Salem (West),Central,GEN,PMK,48.69,9.92,TVK,51.37,31.94,234407,32,True,2.68,22.02
88,89,Salem (North),Central,GEN,DMK,46.17,3.75,TVK,40.68,6.66,210712,15,True,-5.49,2.91
89,90,Salem (South),Central,GEN,AIADMK,48.76,11.31,TVK,43.95,16.05,207902,20,True,-4.81,4.74
90,91,Veerapandi,Central,GEN,AIADMK,49.92,8.89,TVK,33.88,1.73,235875,21,True,-16.04,-7.16
91,92,Rasipuram,Central,SC,DMK,46.08,0.99,TVK,36.55,7.09,204680,19,True,-9.53,6.1
92,93,Sendamangalam,Central,ST,DMK,45.51,5.27,TVK,32.82,1.27,209687,13,True,-12.69,-4.0
93,94,Namakkal,Central,GEN,DMK,51.51,13.48,TVK,37.56,5.19,212283,28,True,-13.95,-8.29
94,95,Paramathi-Velur,Central,GEN,AIADMK,46.83,4.17,AIADMK,32.49,0.16,188845,32,False,-14.34,-4.01
95,96,Tiruchengode,Central,GEN,DMK,44.23,1.55,TVK,41.6,14.74,191122,24,True,-2.63,13.19
96,97,Kumarapalayam,Central,GEN,AIADMK,49.92,15.67,TVK,39.54,3.75,205324,22,True,-10.38,-11.92
97,98,Erode (East),Kongu,GEN,INC,44.27,5.86,TVK,42.93,14.75,162453,21,True,-1.34,8.89
98,99,Erode (West),Kongu,GEN,DMK,49.01,10.74,TVK,43.74,10.05,221400,14,True,-5.27,-0.69
99,100,Modakurichi,Kongu,GEN,BJP,42.96,0.15,TVK,31.83,1.27,190759,15,True,-11.13,1.12
100,101,Dharapuram,Kongu,SC,DMK,46.39,0.72,AIADMK,40.56,8.37,199944,10,True,-5.83,7.65
101,102,Kangayam,Kongu,GEN,DMK,47.14,3.67,AIADMK,34.94,4.0,203534,16,True,-12.2,0.33
102,103,Perundurai,Kongu,GEN,AIADMK,44.84,7.64,AIADMK,35.03,4.83,200686,14,False,-9.81,-2.81
103,104,Bhavani,Kongu,GEN,AIADMK,50.11,11.18,AIADMK,36.28,3.55,208323,15,False,-13.83,-7.63
104,105,Anthiyur,Kongu,GEN,DMK,44.84,0.72,AIADMK,32.32,0.68,185775,15,True,-12.52,-0.04
105,106,Gobichettipalayam,Kongu,GEN,AIADMK,50.68,13.33,TVK,37.6,7.56,219727,19,True,-13.08,-5.77
106,107,Bhavanisagar,Kongu,SC,AIADMK,49.45,7.98,TVK,33.73,2.13,214595,13,True,-15.72,-5.85
107,108,Udhagamandalam,Kongu,GEN,INC,46.44,3.79,BJP,32.61,0.66,148704,7,True,-13.83,-3.13
108,109,Gudalur,Kongu,SC,AIADMK,46.65,1.41,DMK,43.37,15.1,151241,7,True,-3.28,13.69
109,110,Coonoor,Kongu,GEN,DMK,45.49,3.02,DMK,35.69,5.73,141394,7,False,-9.8,2.71
110,111,Mettupalayam,Kongu,GEN,AIADMK,46.75,1.09,TVK,30.97,3.18,244319,23,True,-15.78,2.09
111,112,Avanashi,Kongu,SC,AIADMK,55.16,23.94,TVK,36.36,6.64,231600,15,True,-18.8,-17.3
112,113,Tiruppur (North),Kongu,GEN,AIADMK,47.62,16.84,TVK,49.88,26.57,263457,16,True,2.26,9.73
113,114,Tiruppur (South),Kongu,GEN,DMK,43.31,2.7,TVK,41.04,7.17,179814,25,True,-2.27,4.47
114,115,Palladam,Kongu,GEN,AIADMK,48.53,12.5,TVK,40.3,12.59,301014,16,True,-8.23,0.09
115,116,Sulur,Kongu,GEN,AIADMK,49.23,13.21,TVK,33.1,1.75,273544,16,True,-16.13,-11.46
116,117,Kavundampalayam,Kongu,GEN,AIADMK,43.78,3.15,TVK,40.24,11.58,363991,15,True,-3.54,8.43
117,118,Coimbatore North,Kongu,GEN,AIADMK,40.16,1.97,TVK,40.91,9.73,226109,29,True,0.75,7.76
118,119,Thondamuthur,Kongu,GEN,AIADMK,53.89,18.06,AIADMK,36.09,5.7,258549,22,False,-17.8,-12.36
119,120,Coimbatore South,Kongu,GEN,BJP,34.38,1.12,DMK,38.16,1.45,156499,32,True,3.78,0.33
120,121,Singanallur,Kongu,GEN,AIADMK,40.22,5.37,TVK,38.08,8.66,221033,29,True,-2.14,3.29
121,122,Kinathukadavu,Kongu,GEN,AIADMK,43.68,0.47,TVK,37.31,4.37,267917,6,True,-6.37,3.9
122,123,Pollachi,Kongu,GEN,AIADMK,45.44,0.97,DMK,34.22,2.55,181196,14,True,-11.22,1.58
123,124,Valparai,Kongu,SC,AIADMK,49.37,8.42,DMK,36.34,6.23,150431,7,True,-13.03,-2.19
124,125,Udumalpet,Kongu,GEN,AIADMK,49.85,11.27,DMK,33.67,1.42,203575,12,True,-16.18,-9.85
125,126,Madathukulam,Kongu,GEN,AIADMK,46.35,3.54,DMK,37.43,8.48,188249,14,True,-8.92,4.94
126,127,Palani,South,GEN,DMK,52.86,14.63,AIADMK,32.11,0.33,208619,16,True,-20.75,-14.3
127,128,Oddanchatram,South,GEN,DMK,54.51,14.25,DMK,46.17,21.45,201624,15,False,-8.34,7.2
128,129,Athoor,South,GEN,DMK,72.11,58.96,DMK,44.79,9.43,237183,16,False,-27.32,-49.53
129,130,Nilakottai,South,SC,AIADMK,49.49,14.94,TVK,34.71,1.48,197593,16,True,-14.78,-13.46
130,131,Natham,South,GEN,AIADMK,47.84,5.3,AIADMK,35.84,4.96,239140,22,False,-12.0,-0.34
131,132,Dindigul,South,GEN,AIADMK,46.43,9.1,DMK,35.13,0.53,212024,21,True,-11.3,-8.57
132,133,Vedasandur,South,GEN,DMK,49.97,8.24,DMK,37.5,4.44,226554,16,False,-12.47,-3.8
133,134,Aravakurichi,Kongu,GEN,DMK,52.72,14.01,DMK,39.11,10.7,181078,31,False,-13.61,-3.31
134,135,Karur,Kongu,GEN,DMK,49.08,6.0,AIADMK,32.99,0.84,216829,80,True,-16.09,-5.16
135,136,Krishnarayapuram,Kongu,SC,DMK,53.37,17.48,TVK,32.94,1.85,189357,29,True,-20.43,-15.63
136,137,Kulithalai,Kongu,GEN,DMK,51.06,11.92,DMK,32.59,0.28,209091,30,False,-18.47,-11.64
137,138,Manapparai,Delta,GEN,DMK,44.23,5.52,TVK,34.43,0.59,241216,19,True,-9.8,-4.93
138,139,Srirangam,Delta,GEN,DMK,47.41,8.29,TVK,40.49,13.17,254985,22,True,-6.92,4.88
139,140,Tiruchirapalli (West),Delta,GEN,DMK,64.52,46.48,DMK,44.94,2.44,196347,15,False,-19.58,-44.04
140,141,Tiruchirapalli (East),Delta,GEN,DMK,54.56,31.12,TVK,50.07,15.02,182493,21,True,-4.49,-16.1
141,142,Thiruverambur,Delta,GEN,DMK,53.51,25.23,TVK,42.06,4.08,213583,27,True,-11.45,-21.15
142,143,Lalgudi,Delta,GEN,DMK,48.59,9.7,AIADMK,32.82,1.48,185213,25,True,-15.77,-8.22
143,144,Manachanallur,Delta,GEN,DMK,59.14,30.31,DMK,38.82,5.89,209780,23,False,-20.32,-24.42
144,145,Musiri,Delta,GEN,DMK,50.43,14.93,TVK,37.69,9.22,189141,12,True,-12.74,-5.71
145,146,Thuraiyur,Delta,SC,DMK,49.91,12.55,TVK,35.93,5.21,184426,16,True,-13.98,-7.34
146,147,Perambalur,Central,SC,DMK,50.87,12.93,TVK,35.83,5.67,253654,12,True,-15.04,-7.26
147,148,Kunnam,Central,GEN,DMK,47.26,2.88,DMK,37.84,6.75,230570,20,False,-9.42,3.87
148,149,Ariyalur,Central,GEN,DMK,46.16,1.44,AIADMK,40.37,10.39,235858,16,True,-5.79,8.95
149,150,Jayankondam,Central,GEN,DMK,46.0,2.52,PMK,38.94,8.09,228548,20,True,-7.06,5.57
150,151,Tittakudi,Central,SC,DMK,49.78,12.82,DMK,35.91,1.5,175754,15,False,-13.87,-11.32
151,152,Vriddhachalam,Central,GEN,INC,39.17,0.44,DMDK,33.15,1.14,209186,19,True,-6.02,0.7
152,153,Neyveli,Central,GEN,DMK,45.8,0.6,AIADMK,37.76,6.49,168780,12,True,-8.04,5.89
153,154,Panruti,Central,GEN,DMK,47.6,2.38,AIADMK,37.2,5.06,210767,10,True,-10.4,2.68
154,155,Cuddalore,Central,GEN,DMK,46.46,2.83,TVK,37.22,8.15,190378,16,True,-9.24,5.32
155,156,Kurinjipadi,Central,GEN,DMK,51.04,8.82,DMK,35.84,3.55,213965,12,False,-15.2,-5.27
156,157,Bhuvanagiri,Central,GEN,AIADMK,48.92,4.19,AIADMK,36.52,1.2,207310,14,False,-12.4,-2.99
157,158,Chidambaram,Central,GEN,AIADMK,50.16,9.24,DMK,35.48,2.92,196586,12,True,-14.68,-6.32
158,159,Kattumannarkoil,Central,SC,VCK,49.02,6.02,VCK,45.33,17.6,187905,12,False,-3.69,11.58
159,160,Sirkali,Delta,SC,DMK,49.16,6.35,DMK,35.64,5.7,200448,11,False,-13.52,-0.65
160,161,Mayiladuthurai,Delta,GEN,INC,42.17,1.57,INC,36.09,5.75,188461,21,False,-6.08,4.18
161,162,Poompuhar,Delta,GEN,DMK,46.24,1.59,DMK,36.98,3.77,219324,14,False,-9.26,2.18
162,163,Nagapattinam,Delta,GEN,VCK,46.17,5.04,DMK,37.21,6.46,151326,14,True,-8.96,1.42
163,164,Kilvelur,Delta,SC,CPI(M),47.55,11.88,CPI(M),37.0,1.5,151637,8,False,-10.55,-10.38
164,165,Vedaranyam,Delta,GEN,AIADMK,49.8,7.8,AIADMK,36.48,4.52,162216,12,False,-13.32,-3.28
165,166,Thiruthuraipundi,Delta,SC,CPI,52.23,16.18,CPI,38.77,6.76,191030,10,False,-13.46,-9.42
166,167,Mannargudi,Delta,GEN,DMK,45.11,19.35,AMMK,35.25,0.81,194100,16,True,-9.86,-18.54
167,168,Thiruvarur,Delta,GEN,DMK,52.29,24.57,DMK,42.87,8.33,217875,9,False,-9.42,-16.24
168,169,Nannilam,Delta,GEN,AIADMK,46.7,1.99,AIADMK,44.7,18.03,231444,15,False,-2.0,16.04
169,170,Thiruvidamarudur,Delta,SC,DMK,48.26,5.38,DMK,38.26,6.76,208944,15,False,-10.0,1.38
170,171,Kumbakonam,Delta,GEN,DMK,48.62,10.82,TVK,37.76,0.33,208288,14,True,-10.86,-10.49
171,172,Papanasam,Delta,GEN,DMK,43.95,8.26,IUML,33.35,0.51,207723,14,True,-10.6,-7.75
172,173,Thiruvaiyaru,Delta,GEN,DMK,48.82,25.37,DMK,36.21,3.85,222111,14,False,-12.61,-21.52
173,174,Thanjavur,Delta,GEN,DMK,53.25,24.2,TVK,44.12,8.53,198798,12,True,-9.13,-15.67
174,175,Orathanad,Delta,GEN,AIADMK,46.95,15.03,DMK,44.42,17.94,195304,10,True,-2.53,2.91
175,176,Pattukkottai,Delta,GEN,DMK,44.62,14.26,DMK,35.9,7.49,183745,12,False,-8.72,-6.77
176,177,Peravurani,Delta,GEN,DMK,52.17,13.76,DMK,34.56,1.79,176274,11,False,-17.61,-11.97
177,178,Gandharvakottai,Delta,SC,CPI(M),44.23,8.07,TVK,35.08,6.59,167618,11,True,-9.15,-1.48
178,179,Viralimalai,Delta,GEN,AIADMK,52.83,12.2,AIADMK,51.87,30.44,203921,27,False,-0.96,18.24
179,180,Pudukkottai,Delta,GEN,DMK,47.7,7.23,DMK,35.1,0.98,190378,31,False,-12.6,-6.25
180,181,Thirumayam,Delta,GEN,DMK,41.0,0.79,DMK,31.87,0.82,182612,15,False,-9.13,0.03
181,182,Alangudi,Delta,GEN,DMK,51.17,15.04,DMK,35.98,7.19,180483,15,False,-15.19,-7.85
182,183,Arantangi,Delta,GEN,INC,48.7,18.38,TVK,40.08,5.51,182730,16,True,-8.62,-12.87
183,184,Karaikudi,South,GEN,INC,35.75,10.16,TVK,44.21,20.1,229267,26,True,8.46,9.94
184,185,Tiruppattur,South,GEN,DMK,49.19,17.73,TVK,38.65,0.0,215710,16,True,-10.54,-17.73
185,186,Sivaganga,South,GEN,AIADMK,40.66,5.57,TVK,34.45,7.04,214067,18,True,-6.21,1.47
186,187,Manamadurai,South,SC,DMK,44.01,6.94,TVK,33.54,0.58,208643,15,True,-10.47,-6.36
187,188,Melur,South,GEN,AIADMK,45.6,19.24,INC,31.5,1.43,190726,14,True,-14.1,-17.81
188,189,Madurai East,South,GEN,DMK,51.59,20.85,TVK,43.74,6.09,271566,16,True,-7.85,-14.76
189,190,Sholavandan,South,SC,DMK,48.04,9.72,TVK,33.8,1.42,189080,15,True,-14.24,-8.3
190,191,Madurai North,South,GEN,DMK,46.64,14.64,TVK,45.03,11.15,161801,14,True,-1.61,-3.49
191,192,Madurai South,South,GEN,DMK,42.49,4.41,TVK,44.11,15.21,141503,7,True,1.62,10.8
192,193,Madurai Central,South,GEN,DMK,48.99,22.87,TVK,42.68,12.87,148586,13,True,-6.31,-10.0
193,194,Madurai West,South,GEN,AIADMK,41.59,4.52,TVK,40.78,5.51,216403,15,True,-0.81,0.99
194,195,Thiruparankundram,South,GEN,AIADMK,43.96,12.5,TVK,44.75,16.27,255466,16,True,0.79,3.77
195,196,Thirumangalam,South,GEN,AIADMK,45.51,6.39,DMK,38.22,10.31,230980,16,True,-7.29,3.92
196,197,Usilampatti,South,GEN,AIADMK,33.53,3.52,TVK,29.34,0.81,224048,13,True,-4.19,-2.71
197,198,Andipatti,South,GEN,DMK,44.64,4.07,DMK,34.2,4.4,217329,19,False,-10.44,0.33
198,199,Periyakulam,South,SC,DMK,45.71,10.57,TVK,40.56,9.15,211209,14,True,-5.15,-1.42
199,200,Bodinayakanur,South,GEN,AIADMK,46.58,5.13,DMK,38.62,3.08,220628,16,True,-7.96,-2.05
200,201,Cumbum,South,GEN,DMK,51.81,20.97,TVK,40.55,0.36,210574,20,True,-11.26,-20.61
201,202,Rajapalayam,South,GEN,DMK,41.5,2.18,TVK,35.81,5.79,183020,23,True,-5.69,3.61
202,203,Srivilliputhur,South,SC,AIADMK,38.09,6.88,TVK,33.93,4.44,193471,15,True,-4.16,-2.44
203,204,Sattur,South,GEN,DMK,38.68,5.83,DMK,31.23,3.01,198734,23,False,-7.45,-2.82
204,205,Sivakasi,South,GEN,INC,42.66,9.36,TVK,35.51,6.03,193517,15,True,-7.15,-3.33
205,206,Virudhunagar,South,GEN,DMK,45.32,13.2,TVK,37.93,5.6,167832,16,True,-7.39,-7.6
206,207,Aruppukottai,South,GEN,DMK,53.18,22.8,DMK,36.49,2.77,178413,26,False,-16.69,-20.03
207,208,Tiruchuli,South,GEN,DMK,59.15,35.29,DMK,41.43,7.44,181250,24,False,-17.72,-27.85
208,209,Paramakudi,South,SC,DMK,46.59,7.29,DMK,31.18,1.87,189753,13,False,-15.41,-5.42
209,210,Tiruvadanai,South,GEN,INC,39.33,6.86,TVK,31.57,1.14,220278,22,True,-7.76,-5.72
210,211,Ramanathapuram,South,GEN,DMK,51.88,23.58,DMK,37.52,5.24,237576,14,False,-14.36,-18.34
211,212,Mudukulathur,South,GEN,DMK,46.06,9.37,DMK,29.39,7.17,231373,21,False,-16.67,-2.2
212,213,Vilathikulam,South,GEN,DMK,54.05,23.06,DMK,33.4,4.71,174814,16,False,-20.65,-18.35
213,214,Thoothukkudi,South,GEN,DMK,49.0,26.7,TVK,49.11,18.43,204712,16,True,0.11,-8.27
214,215,Tiruchendur,South,GEN,DMK,50.58,14.47,DMK,39.09,3.16,186050,14,False,-11.49,-11.31
215,216,Srivaikuntam,South,GEN,INC,46.75,10.57,TVK,33.34,0.67,176421,16,True,-13.41,-9.9
216,217,Ottapidaram,South,SC,DMK,41.11,4.79,TVK,41.62,14.83,196117,14,True,0.51,10.04
217,218,Kovilpatti,South,GEN,AIADMK,37.89,6.86,DMK,31.74,0.43,194232,22,True,-6.15,-6.43
218,219,Sankarankovil,South,SC,DMK,38.92,2.89,AIADMK,33.01,3.3,196480,21,True,-5.91,0.41
219,220,Vasudevanallur,South,SC,DMK,39.08,1.35,DMK,33.22,3.47,189795,19,False,-5.86,2.12
220,221,Kadayanallur,South,GEN,AIADMK,43.08,11.86,DMK,35.97,2.82,221951,23,True,-7.11,-9.04
221,222,Tenkasi,South,GEN,INC,41.71,0.17,DMK,33.92,4.38,234987,23,True,-7.79,4.21
222,223,Alangulam,South,GEN,AIADMK,36.44,1.74,DMK,31.32,3.53,220857,14,True,-5.12,1.79
223,224,Tirunelveli,South,GEN,BJP,46.7,11.69,TVK,34.72,5.23,218425,21,True,-11.98,-6.46
224,225,Ambasamudram,South,GEN,AIADMK,47.96,9.52,AIADMK,34.3,5.36,191195,6,False,-13.66,-4.16
225,226,Palayamcottai,South,GEN,DMK,55.32,32.37,DMK,44.15,7.64,180620,18,False,-11.17,-24.73
226,227,Nanguneri,South,GEN,INC,39.43,8.56,TVK,35.79,7.84,209419,26,True,-3.64,-0.72
227,228,Radhapuram,South,GEN,DMK,43.95,3.16,TVK,34.99,6.16,199931,24,True,-8.96,3.0
228,229,Kanniyakumari,South,GEN,AIADMK,48.8,7.21,AIADMK,31.38,0.09,239150,15,False,-17.42,-7.12
229,230,Nagercoil,South,GEN,BJP,48.21,6.34,DMK,35.6,3.86,196280,21,True,-12.61,-2.48
230,231,Colachel,South,GEN,INC,49.56,13.57,INC,33.27,1.42,199013,14,False,-16.29,-12.15
231,232,Padmanabhapuram,South,GEN,DMK,51.57,15.8,CPI(M),38.18,8.62,180555,12,True,-13.39,-7.18
232,233,Vilavancode,South,GEN,INC,52.12,17.08,INC,40.45,11.99,174927,15,False,-11.67,-5.09
233,234,Killiyoor,South,GEN,INC,59.76,32.6,INC,37.42,0.74,177534,14,False,-22.34,-31.86
